sector,nivel_educativo,habilidades_duras,habilidades_blandas,automatizacion
educacion,medio,62.161972447890314,90.87946333274145,1
educacion,medio,11.73934956169667,37.804549649118115,1
manufactura,alto,64.1876716505189,54.867412584744535,1
salud,medio,30.87481423265575,68.04600879810859,1
tecnologia,medio,42.099762290975505,87.09309019488805,1
tecnologia,alto,57.875412674538424,36.781209518416205,1
tecnologia,bajo,65.87008066950341,68.34748269391784,1
salud,bajo,56.601845686867726,44.752229030821255,1
educacion,medio,87.2827856830796,44.59447346025799,1
salud,bajo,36.000154474579794,48.09622270990477,1
educacion,bajo,48.59115631377047,33.14058450393643,0
salud,medio,35.33828176680537,46.173985140019596,0
manufactura,medio,48.63584794263868,43.62843208670859,0
manufactura,medio,65.05095411745799,45.59760121898126,0
educacion,medio,29.097469006028447,64.91333834969578,1
manufactura,alto,47.67698295897637,38.33091314837288,0
tecnologia,medio,51.634717756760345,52.96820898384391,0
tecnologia,medio,43.49182938749143,40.15644308022296,1
manufactura,alto,35.788680174181835,53.89403755710796,0
manufactura,alto,52.344482009358295,44.690358357169536,0
manufactura,alto,38.62306799899422,47.87675863571352,1
tecnologia,medio,58.68527090201556,74.2461831347951,0
tecnologia,alto,45.82024879266072,34.19160320313025,0
tecnologia,bajo,17.587552307216157,56.02424011332784,0
salud,medio,69.12844861812559,62.502506591784886,1
tecnologia,bajo,72.63561848067334,53.85038160995578,0
salud,medio,38.09087228274491,53.362185384882274,0
educacion,alto,64.57978107536118,32.54032350300014,1
manufactura,bajo,80.1265213860801,48.599039781407825,1
manufactura,medio,48.738898146957325,42.212632796109645,1
educacion,alto,73.64646967078266,50.31426278217202,0
manufactura,medio,50.87897805419225,53.085045962109405,1
tecnologia,bajo,56.454325221086606,42.96798799408239,1
educacion,alto,22.456174396200307,67.03185993424425,1
tecnologia,medio,44.79086197804928,36.07874866626619,0
salud,bajo,26.416384467900933,38.354382552585875,1
manufactura,medio,60.5438989317981,68.44503243327958,0
manufactura,bajo,40.242080432444794,56.94314249349084,0
manufactura,bajo,68.66632258152326,48.71347375691306,1
educacion,bajo,53.79357516857063,72.8703748766599,0
educacion,medio,51.08224033763753,51.30671719320943,1
educacion,bajo,59.39786200191856,83.88487085020876,0
tecnologia,alto,53.58448827541016,33.85870659098189,1
salud,medio,43.92528064349142,45.6528067660479,1
educacion,alto,73.87691227335985,55.717586265064824,1
tecnologia,alto,56.244361153635545,31.804950950373353,0
educacion,bajo,32.03389969741379,51.82367881370354,0
manufactura,medio,47.67242620983654,68.12622366883231,0
educacion,medio,44.32154493093332,66.70564850202561,1
tecnologia,bajo,69.48422671827434,37.98806942328094,1
salud,medio,39.6847191293172,53.79891370769285,0
educacion,medio,35.605835319263434,30.815627711714022,0
educacion,medio,29.484360016572786,68.25817047006663,0
educacion,bajo,60.016623920528296,59.921673018278064,1
manufactura,bajo,75.98801555740218,54.36101308816274,0
salud,alto,47.81797003513375,54.56325208616295,0
manufactura,alto,38.67414869384902,31.920280375643813,0
educacion,alto,76.41185319146358,46.12453539184733,0
educacion,alto,35.21068846781551,65.0846676893878,0
tecnologia,alto,71.51577427986878,51.75718579651843,0
manufactura,alto,60.84967282629961,57.00693299808446,0
educacion,alto,39.81611140146891,76.32778233001609,1
manufactura,alto,64.12492565159862,45.79900338047991,1
tecnologia,alto,65.51020052016574,51.30560426086011,1
salud,bajo,67.51249912640087,46.631348722365715,0
educacion,medio,22.421359494226675,47.16681328888763,0
salud,medio,47.85050314457451,48.801046793361195,0
tecnologia,medio,46.693868023417856,60.50790636301396,0
tecnologia,bajo,58.814934171148096,73.07366864418532,0
tecnologia,alto,60.899753679468134,68.52374507337102,0
salud,medio,40.69694309406676,53.72520010641937,1
salud,medio,63.79355703044848,49.16018285861753,0
salud,medio,39.69495244609093,70.22649774589385,0
educacion,bajo,60.50744266225305,46.34068682990519,0
salud,alto,61.632822974746915,51.139803787139364,1
educacion,alto,42.99491526953721,56.40870101084476,0
salud,medio,37.70932060640426,67.95661110039961,1
tecnologia,medio,67.88981741328227,73.89263036478897,1
salud,medio,76.42598510326559,65.77533895953654,0
tecnologia,alto,58.91255185642082,56.823385623397755,0
salud,alto,55.16294553425038,48.11072706516727,1
tecnologia,medio,64.4117206454958,46.18788193216875,0
salud,medio,41.38462768953098,65.46710940297402,1
tecnologia,alto,71.86253593228479,57.94118461336044,0
tecnologia,medio,27.75615198846834,35.99440036719755,0
tecnologia,bajo,41.261201255440646,34.615236061696216,0
manufactura,medio,29.648832861702033,73.72268185549699,1
tecnologia,medio,50.44119484780709,74.16273847910122,0
manufactura,bajo,47.58889949212269,31.11027264203335,0
tecnologia,medio,41.97499702531173,37.23799400282818,1
manufactura,alto,46.84037702179378,22.710679259805772,1
educacion,alto,76.89604851762422,70.57148752143202,0
educacion,medio,60.073322436472424,9.822078124155738,1
salud,alto,55.94874019772583,49.411139384314716,0
manufactura,medio,53.97402109832176,57.06904050687339,0
salud,medio,52.4245570019712,38.39203173787124,0
manufactura,alto,41.609179088286076,45.658482064582536,1
manufactura,medio,62.02781477758945,65.00051727225633,1
salud,medio,68.84693754873452,79.83140739788335,1
salud,bajo,38.610941294066116,42.33477556547675,0
manufactura,bajo,41.7241438159645,72.67446685608786,0
educacion,bajo,68.48181989136549,48.04812079018928,0
tecnologia,bajo,46.653294252957686,55.16192222877834,0
educacion,bajo,36.26356182074815,55.65622954505192,0
salud,alto,37.71295706534724,47.364911283437635,0
manufactura,alto,79.17850112991655,47.963339136028935,0
educacion,medio,46.06226109756011,41.52342876227705,0
manufactura,bajo,29.120185114720886,75.36074208392847,1
tecnologia,medio,43.71003611131544,63.598532046716315,0
manufactura,bajo,53.77019724950054,46.123046733575634,0
educacion,medio,68.34826417884295,39.452211881561155,0
educacion,bajo,50.62588636090029,54.66919040940291,0
manufactura,medio,39.982980354671035,77.66552693680654,1
manufactura,medio,44.253896008973975,63.855482781255404,0
tecnologia,alto,93.33755102470136,40.295632510746785,0
tecnologia,alto,35.28880934667466,12.301434122746805,0
manufactura,alto,50.10110643379958,84.8875222232409,1
educacion,bajo,43.475620435207794,52.204437381533594,0
salud,medio,44.131765968273925,42.30225489896651,1
educacion,alto,24.95716888327021,48.09710891592923,1
educacion,bajo,56.74536536549879,56.73907039565984,0
manufactura,alto,23.897715185988556,64.01121677193782,0
educacion,alto,58.714689664614546,53.228212663974936,1
manufactura,bajo,40.93111157244132,35.344893578563116,0
salud,alto,44.14798080732884,36.90312523397792,0
manufactura,bajo,26.966994146886996,72.1998968254999,1
educacion,alto,36.39960221218065,57.31482131790985,0
tecnologia,alto,47.53417037616401,66.71301480089264,0
salud,alto,55.30757296241791,48.71487803962341,0
tecnologia,bajo,44.890762088022214,61.198853819419384,0
salud,bajo,62.642317353502435,33.00057961060514,0
manufactura,bajo,43.12630498754116,43.73622896230585,0
salud,medio,50.93601025989643,43.55134660453352,1
manufactura,bajo,51.017667977351394,18.67202771736213,1
salud,bajo,60.01302394494032,57.938193141241165,0
manufactura,medio,42.80839177571281,46.23569119825686,1
salud,alto,51.72088711745837,77.7368351475575,1
salud,alto,50.418079920519695,41.19391306327806,1
salud,alto,73.99917493090518,70.559716905345,1
educacion,medio,67.48781079013219,41.60801497835144,1
tecnologia,alto,60.18823799449548,60.072981606903255,0
educacion,alto,80.07469379490237,34.55399476861217,1
educacion,bajo,53.61210006421961,61.61105237623727,1
salud,medio,44.12108123483299,55.54332012450291,1
manufactura,bajo,22.301527884461688,34.405360615002884,0
tecnologia,alto,53.25889625560785,52.0591516667238,1
tecnologia,alto,50.32214095046398,32.4200835649514,1
salud,medio,26.582743740068853,26.460873451934695,0
tecnologia,medio,51.841944505198015,44.48129959707825,1
salud,medio,60.733083856119265,34.12903560408799,1
manufactura,medio,49.56267422247871,59.84931073981953,1
salud,medio,53.04979596466038,31.811442502099037,0
salud,medio,77.3352642474239,21.708489399799685,0
manufactura,medio,32.12006613493069,84.04765175064708,1
educacion,medio,32.20384796173877,59.24529136542232,1
manufactura,bajo,52.59698074738558,68.25215608699168,0
tecnologia,medio,39.63331188813206,31.104883083733746,0
salud,medio,56.21446665575074,27.033866323091864,0
salud,medio,50.179445668252114,41.50583497822398,0
salud,bajo,47.63016917596722,34.02089199767428,0
educacion,alto,50.38737104909852,59.75680169363629,1
manufactura,medio,44.72728698758838,83.16078758931256,0
tecnologia,bajo,56.088284908091936,53.34094380988762,1
tecnologia,bajo,57.00953054879015,56.67881099893965,1
educacion,bajo,37.5572581728359,82.11012768121788,0
tecnologia,alto,25.924472509952736,58.11977948553592,0
tecnologia,bajo,44.30994128106517,35.090811420413374,0
manufactura,alto,49.398246732444754,45.26649877325683,1
tecnologia,medio,68.27386009072166,43.01861786300153,0
tecnologia,alto,57.05346606967566,53.93210871700514,1
tecnologia,bajo,42.06403730205773,54.79914112124311,1
tecnologia,alto,28.87687002520724,46.756572962718145,0
salud,alto,66.80287369634806,50.6760891266338,1
tecnologia,medio,-9.720471563549268,79.04008805223489,0
manufactura,alto,39.12374914254447,56.38861437704615,0
salud,alto,45.41024560596233,43.381954200597946,0
educacion,alto,35.14302388640311,65.31704031844788,0
tecnologia,medio,56.00227648054333,94.86315250951884,0
manufactura,bajo,33.67223201906834,23.982065029774805,1
tecnologia,medio,50.32059139994599,72.773397804366,1
educacion,bajo,46.11974431038276,39.39708869941697,0
manufactura,medio,44.58445154960023,52.611624436370235,1
manufactura,medio,48.16035694261412,67.59313564067072,0
educacion,alto,64.61270118192454,46.42820373022142,1
educacion,bajo,36.99184024931007,44.31436817464409,1
manufactura,bajo,73.38290492442769,67.50772141821832,0
manufactura,alto,71.80872559856212,47.48876055651037,1
salud,medio,62.35523806319172,31.272569772119216,0
educacion,bajo,74.2536877957737,48.070099950849354,0
tecnologia,bajo,50.080127736741396,42.39791764924126,1
tecnologia,bajo,53.3301076056841,68.58639536110894,0
salud,alto,68.4774685672187,53.45068055713444,1
salud,alto,84.24310104816493,37.97354789077227,0
manufactura,alto,67.0696102494791,53.789589654183125,0
manufactura,medio,30.399374155166925,26.524429116385893,0
educacion,bajo,38.809206653085745,73.74299395224025,0
salud,alto,54.89443969910511,62.7494210715329,1
tecnologia,medio,28.283127344599393,44.282508985901906,0
educacion,alto,36.442747909583986,51.5114512410491,1
manufactura,bajo,49.33579791441482,76.71192695575228,0
tecnologia,medio,28.78375023058366,56.05946694352677,0
salud,alto,50.975090458760306,66.96626066352633,1
salud,bajo,23.211072935906518,52.43604221603211,0
salud,alto,47.62966629066419,67.82683590479152,1
tecnologia,bajo,31.85370463943515,44.034887176779826,0
tecnologia,bajo,22.688068577359655,40.383437696303346,1
salud,alto,54.994359552346545,75.91900734161813,0
educacion,alto,57.23156833852434,41.47820319451043,1
educacion,alto,63.657266657929966,35.09612468957188,1
tecnologia,bajo,51.633151172571964,41.84215954950821,0
tecnologia,bajo,48.989334046549345,59.21278153854873,1
tecnologia,alto,62.303194064823245,68.436264476786,1
salud,alto,43.40859417174634,81.54282031305797,0
salud,alto,50.91783198155377,74.59838660340917,1
tecnologia,bajo,45.65599768028863,59.63088933480811,1
manufactura,alto,34.37623624620693,69.97034708790386,1
educacion,medio,47.38810429946135,35.49241525480235,0
salud,alto,69.15201476846141,38.091935390994486,1
salud,bajo,65.01423278896884,37.80532668601904,0
manufactura,bajo,71.06461833633837,47.70370810355906,1
salud,bajo,67.88041342790355,36.719552953035475,1
educacion,bajo,60.34926250320122,65.58736753695888,1
educacion,bajo,41.5344078272041,60.91979742967547,1
educacion,bajo,54.044808178216165,19.61076401129479,0
salud,alto,64.51562312192488,40.59041467222308,0
educacion,medio,50.869900838903604,42.670216554938264,0
tecnologia,medio,39.35019988722785,64.07715778446585,1
tecnologia,alto,68.09521924974715,45.18563488541798,1
salud,alto,62.01182664466392,18.956612329822967,1
tecnologia,alto,32.173634299237115,49.91379540928273,1
salud,medio,48.53051830365966,41.885767044356854,1
educacion,bajo,32.28056222997668,51.51674444801132,1
manufactura,bajo,57.35561605363401,45.19599038087104,0
salud,bajo,43.64317656308934,62.646421870029194,0
salud,bajo,40.762816574186246,79.89777712989087,1
manufactura,alto,57.84001852004619,61.503845234176794,0
manufactura,alto,42.217792655792564,58.089394054154035,1
manufactura,alto,31.835965062861096,62.571421704639235,1
salud,bajo,42.669038103858256,45.70336756965965,1
tecnologia,alto,34.541736735989545,49.94229332578493,0
educacion,medio,32.399623368099626,33.612022343241975,0
tecnologia,medio,53.475381753734524,53.52244027520126,1
tecnologia,medio,83.86551696781771,47.949260602738676,0
tecnologia,bajo,56.97719248901084,47.41430982368717,0
tecnologia,bajo,54.72805342283912,37.86240523611006,0
tecnologia,alto,62.78041912699719,60.57426501684647,1
educacion,medio,54.76900522442852,55.293939311104126,1
educacion,medio,57.296934965533666,40.070072594256914,0
salud,bajo,50.82817739152395,49.07007553404553,0
salud,bajo,24.095488568432504,68.29957332973238,0
salud,bajo,54.12964123103558,35.71022457498215,0
manufactura,alto,35.72594712633182,40.397206395358694,0
salud,bajo,42.58297069677279,42.121287906075985,0
educacion,bajo,53.39592603959361,88.73152627462865,0
salud,medio,55.35150711864587,54.972169490216096,1
educacion,medio,11.94018252008415,56.04505489479263,1
tecnologia,alto,88.56925804260146,58.38083842801856,1
educacion,alto,34.267867664499875,62.63347867568359,0
educacion,medio,29.9328436257022,56.81640444871158,1
salud,alto,52.28699881054825,72.56709986106807,0
educacion,alto,70.59819217137498,50.683501510696,1
educacion,medio,56.25220438739541,55.165159018342024,1
manufactura,alto,50.55945884475533,44.930996174591414,1
educacion,alto,41.15753193110448,39.46723488277311,1
salud,bajo,38.720767828377305,75.66079134630507,0
manufactura,alto,52.79126390055972,60.86949901075055,1
educacion,medio,40.37740957611136,15.236164198120292,0
manufactura,medio,55.25963066870082,19.401653081754695,1
manufactura,bajo,58.9587599633043,56.86442045162702,1
tecnologia,medio,40.29024119510382,75.56742843168443,1
manufactura,medio,21.725578740467643,58.66814140640256,1
salud,medio,43.47373349629169,36.7373309222515,0
salud,medio,69.49059665384672,34.846841511446264,0
educacion,alto,40.20507832562341,85.99671173707682,0
educacion,medio,45.82282763820739,60.3089263586715,0
educacion,medio,46.31525297260731,21.176956885514294,0
tecnologia,alto,44.78167280104006,50.70533244220132,0
educacion,bajo,50.00926067803687,49.0140782467536,1
manufactura,bajo,30.35912654074143,29.27460061733475,0
tecnologia,alto,31.515947921834165,50.73034682693924,0
manufactura,alto,-1.4443173924604196,58.49674575466464,1
salud,bajo,81.26321984147998,52.87469919035021,0
educacion,medio,32.9224529285894,55.43871405834865,1
educacion,bajo,41.40961788690922,11.655294687149464,1
manufactura,medio,53.22132988692369,69.17672724943199,1
tecnologia,medio,32.046957638490156,56.78612081627024,0
salud,alto,67.04710694623414,40.34428237623767,0
salud,bajo,47.41752726411439,36.38879537136161,0
educacion,medio,57.78122684202952,36.19304032507675,1
manufactura,bajo,74.69897514015148,63.79270176043835,0
tecnologia,medio,32.24903260844624,37.68036794292399,1
educacion,bajo,84.42367383908163,49.18021012057823,0
tecnologia,alto,39.46057278990202,50.37127176990672,1
manufactura,alto,52.00207709240652,46.87431624057353,1
educacion,medio,49.8073241952202,51.881885072941884,1
salud,alto,47.02417672289769,39.6319402343578,1
educacion,alto,40.28031995342697,47.64297850039818,0
salud,medio,55.722677258940465,23.81179360038649,1
educacion,bajo,61.72559196415712,61.47958268497264,0
tecnologia,medio,72.24343144672515,44.252763048612216,0
educacion,medio,69.47960293392434,36.38459631807479,0
salud,medio,42.26307182200731,46.76496216882699,1
tecnologia,medio,46.844360674619516,55.60808346163948,0
tecnologia,alto,37.03908129680295,49.732804264077885,0
salud,alto,48.92254594981079,39.9316124751515,1
manufactura,bajo,61.59848124853388,49.01403685211994,0
manufactura,medio,16.15703741166307,43.349277677467214,1
educacion,medio,49.49938494759018,55.188803143092365,0
salud,medio,57.52227093876354,54.13811263165049,0
tecnologia,alto,38.73105322282977,47.45731044891923,0
educacion,bajo,42.56858437978124,35.31552995206788,1
salud,alto,63.756358162051356,27.065080688713124,0
tecnologia,medio,49.64451152146746,47.58090998519642,0
salud,alto,56.2277066551508,32.27798380759022,0
salud,bajo,33.06001932918669,52.28652735816166,0
tecnologia,medio,53.171342624418735,57.63193197230008,0
manufactura,alto,62.37618522708039,35.79225064322749,0
educacion,medio,62.92399618657882,52.98427142735539,0
salud,medio,63.08637157259246,34.74605040956153,0
manufactura,medio,43.00824943098633,77.71481919147111,1
educacion,alto,68.92842156532954,51.99636619128441,0
salud,bajo,51.96624169702991,52.80256373402954,1
tecnologia,bajo,41.122536077867295,46.71688785803021,1
educacion,medio,37.55965358414224,58.59418999868749,1
educacion,bajo,60.72664635443532,62.273314502897,0
educacion,bajo,52.07216284694892,58.34443783270224,1
tecnologia,alto,46.712942789931134,18.99167513886971,1
manufactura,medio,31.716167408957073,43.7654472924205,0
manufactura,medio,41.119417147973024,37.16560074981678,1
salud,bajo,47.2701162207668,56.08944200075426,1
educacion,medio,50.95795759060855,46.16155195207972,0
educacion,bajo,72.25600353331828,49.685787240507885,1
tecnologia,medio,51.27189747652821,39.32492724584213,0
salud,bajo,30.268638149385218,67.03973748133026,1
educacion,medio,30.59034517421835,75.41517541329704,0
tecnologia,medio,81.85016940476993,54.68435744514566,0
tecnologia,bajo,34.58508501139094,53.3797032542467,1
tecnologia,medio,46.573897216968184,24.72617052145931,0
educacion,alto,65.47716865023204,61.421658468696094,0
tecnologia,bajo,76.58477485684497,49.81231576792978,0
manufactura,bajo,37.083744306328946,61.53423728150196,1
salud,alto,35.097072634041936,21.2634900410792,0
educacion,alto,53.83775961423784,49.54109110856242,0
tecnologia,alto,48.050779082358716,79.48664895689075,0
manufactura,alto,70.96432144315678,39.01654631574335,1
tecnologia,medio,57.25255380683643,67.72088078889499,1
salud,bajo,32.58104793961641,14.936438116849565,0
salud,alto,26.616284048495398,44.79936101606422,0
salud,medio,32.58110719751005,77.7649139908932,0
tecnologia,bajo,21.282444053446973,46.53822540402411,0
educacion,bajo,34.91010294959027,34.09671804992723,1
salud,alto,62.203709078161246,77.34809912766298,0
tecnologia,medio,42.25635484270642,52.99180839778072,0
salud,alto,41.199848788848264,31.602511621004567,1
manufactura,medio,62.262222589805965,63.84649809739387,1
salud,bajo,70.92621025215959,43.25235559077205,0
salud,alto,59.28542408318151,45.51371053966089,0
manufactura,alto,59.57194356081891,45.32069986053787,1
educacion,medio,61.37734194705605,21.216993339314893,0
salud,alto,30.248995462311473,57.72652715835702,1
salud,alto,64.29623070268772,46.63623812121495,1
tecnologia,medio,52.55959290052667,34.176011140442185,0
manufactura,medio,40.46378343597145,48.31300280624121,1
salud,alto,44.43218926761259,56.39367152465749,1
manufactura,alto,29.756810243613007,60.22749601313501,1
salud,medio,47.24780145360585,51.29008092111589,1
salud,alto,50.54823188237017,60.496043244492824,0
educacion,medio,42.708054646069,47.47772305511227,0
educacion,bajo,65.8343583537126,40.11618976847763,1
salud,medio,54.956375022216974,49.49730320734511,0
salud,bajo,26.969970895501476,49.13313877710342,1
salud,bajo,41.30912011989069,43.33044417598013,0
tecnologia,medio,61.434796861450636,37.54921088117433,1
tecnologia,alto,60.00935596076628,43.19763770383347,0
tecnologia,alto,75.16018557570715,58.74613568715528,0
manufactura,medio,34.13072485487718,66.61959251948606,1
salud,bajo,11.988824302415075,66.21613045762774,1
educacion,alto,61.90443422909229,56.364385226828595,1
tecnologia,medio,23.88330809038899,54.06027252283892,0
educacion,medio,31.24096048407156,64.30830507407609,1
salud,bajo,48.456032640600604,64.55483328622194,1
manufactura,medio,68.19987329727203,31.351828519086133,0
manufactura,bajo,32.280544565489606,70.56813009350658,1
educacion,medio,54.50031605161611,67.2257241109044,1
manufactura,bajo,77.64525032436302,56.79938017466826,0
salud,alto,83.58452093216458,63.84628797970092,1
salud,bajo,83.4904593616206,53.051292227289295,0
tecnologia,medio,51.78591758203891,73.70020011079245,1
tecnologia,medio,21.12130986252267,59.927297782091,1
manufactura,medio,57.100078977466865,81.56296628918454,1
educacion,bajo,54.74950276436424,46.261494347465586,1
educacion,bajo,71.2457653564104,51.792878872503515,0
salud,alto,23.62663862863655,72.65637322085045,1
educacion,medio,37.06062767730542,45.886037462421115,1
educacion,alto,54.97967459865656,38.0916067842712,0
manufactura,medio,35.690607169765876,54.81729205209757,0
tecnologia,medio,58.12289034301017,55.13375732159031,0
tecnologia,alto,26.548550687853716,74.28359713983788,1
manufactura,medio,29.22919721794323,35.36289539717312,1
manufactura,medio,53.80551588796749,78.77301191769503,1
salud,bajo,57.007129779562284,37.83729667368669,1
manufactura,alto,52.48344693856729,28.911208618030646,1
salud,alto,45.8444445026405,20.333609982154083,1
tecnologia,bajo,48.728723948272865,56.92488962836019,0
manufactura,bajo,38.674277305815124,60.95085550566654,1
educacion,alto,49.306830016574324,30.245934748328253,0
manufactura,bajo,79.33782885639673,38.73008560203346,1
educacion,alto,49.88607450358191,57.92435050284432,1
manufactura,alto,96.93000380847538,46.13361466937743,1
tecnologia,alto,47.113252997809674,33.78485993576777,0
educacion,bajo,71.3458758608731,57.58842595846524,0
tecnologia,medio,49.64113765428538,24.470776870352953,0
manufactura,bajo,39.65894714312097,34.90476633909739,1
tecnologia,medio,44.85490886859064,50.303122868508076,0
manufactura,bajo,72.5815172933625,32.638608821895986,0
tecnologia,medio,55.05831494789284,48.552634217015616,1
tecnologia,alto,37.74773467981175,64.99016411922791,1
educacion,medio,48.0932254574256,27.769823516329502,1
salud,bajo,66.54809569503257,52.83936771234161,0
manufactura,alto,54.71456183277396,63.90241811576632,0
tecnologia,medio,79.03704709167882,49.563579686889554,0
tecnologia,alto,60.9401575412437,76.64900205648375,0
educacion,medio,71.62421464516659,29.985585524146845,1
educacion,medio,51.595588749995095,81.28098530661373,1
manufactura,medio,53.04070590879651,40.50445859548087,0
educacion,bajo,25.225071822651202,53.12311662967321,1
tecnologia,bajo,56.10143623529306,24.150000550985247,1
manufactura,medio,36.661694772118935,44.667703661334485,0
tecnologia,alto,54.168260536613666,47.84062231045829,0
manufactura,bajo,43.640438783915506,52.664520435667406,0
salud,alto,77.99374318861231,66.07619043524456,0
salud,bajo,43.40343540028341,42.24686733081896,1
tecnologia,alto,68.66827092239517,44.25936840514426,0
tecnologia,bajo,40.020614254689576,63.32899827584151,1
tecnologia,alto,56.76079444001769,47.656104518704595,0
salud,medio,30.38107149906457,39.196191405941796,0
tecnologia,alto,44.87164778660225,37.44258244509132,1
educacion,medio,47.6782061045939,43.59647414569632,1
manufactura,medio,74.14501343609878,44.687383006540884,0
educacion,bajo,58.94912524301739,57.66205994104407,1
salud,bajo,62.44184473797874,52.34801923778806,0
educacion,alto,65.74977126758556,54.4215031396088,0
salud,medio,44.890664583151704,28.270882837227706,1
tecnologia,alto,40.727214022939044,32.133745232363374,1
salud,alto,47.285881092859064,48.07493351178037,0
salud,alto,48.51173444836164,39.68424406752287,1
salud,bajo,49.4633846326207,18.48608121899339,1
manufactura,medio,42.21581966330749,65.38891462964517,0
manufactura,alto,28.624267290339898,49.880410333127486,1
educacion,bajo,52.95604676472401,29.959471141007807,0
tecnologia,alto,60.155205921768456,63.730731692977955,0
salud,medio,32.03816230452224,48.04017826825963,1
manufactura,alto,87.26228291086777,50.339409528107105,0
educacion,alto,15.696620369456525,28.61811404476014,0
salud,bajo,41.155908473067896,54.07908518132325,0
tecnologia,alto,65.74478275173234,52.543150373802966,0
educacion,alto,72.44971932190967,60.38769312062902,0
salud,bajo,35.21156482084214,31.53292129531653,0
manufactura,bajo,40.6088792387451,75.39305124003215,0
manufactura,alto,55.001462580778934,61.75783192811162,0
manufactura,bajo,62.46918618759638,39.17561568592336,0
tecnologia,medio,55.70804266357722,75.4849109689715,0
educacion,bajo,28.37964515896134,44.75176818721265,1
educacion,medio,37.73468634837229,73.79676285199727,1
educacion,medio,65.92723706918665,71.81297889209293,1
salud,medio,49.33505050155088,52.24186658552737,0
tecnologia,medio,43.677396845249284,65.27589031222621,0
salud,bajo,42.154862306194026,41.51523034094625,0
manufactura,alto,46.89349897848356,26.135737943598897,1
educacion,bajo,51.66787387517921,40.22334613772656,0
tecnologia,medio,54.726073119343404,56.846102848730716,0
tecnologia,medio,54.1446378610293,67.01081361593468,0
salud,medio,28.342059427354577,75.43239760766026,1
manufactura,bajo,48.01690424856017,74.48454692180573,1
educacion,bajo,44.72712931058918,24.108621164296444,0
manufactura,alto,27.938617203618648,57.29340937774647,0
educacion,alto,59.4972557815473,40.622195146575294,0
educacion,medio,42.27602583901782,55.799232624355135,0
educacion,bajo,51.46040642158292,49.27832601999306,1
tecnologia,alto,54.11166531904232,11.024678692841597,1
tecnologia,bajo,50.89200616777622,36.9329711099914,1
salud,medio,50.51388863752263,46.86266171310776,1
salud,bajo,45.02150301999008,50.06885435180936,1
salud,medio,41.88911682560034,56.73509447493261,1
tecnologia,alto,43.945325713358784,58.60142255513577,1
salud,medio,44.83091862959019,60.45778942704449,1
salud,alto,44.13580820435984,13.362323926784057,0
salud,alto,46.75220826834636,28.64665814951841,0
manufactura,bajo,64.42303792466929,45.42503981413657,0
educacion,bajo,58.54494892907749,60.09190930846398,0
manufactura,bajo,65.86294777504885,64.31135506279209,1
educacion,medio,53.18159442266435,69.85375335711156,1
educacion,bajo,58.128341212299304,50.23579986521089,1
educacion,bajo,27.91501959143641,37.770601301763804,0
tecnologia,medio,49.513076356511164,52.46843069018334,1
tecnologia,medio,21.838807321643095,58.64897991835315,1
manufactura,medio,66.94842995318086,37.79243868719919,0
manufactura,bajo,74.44228330412358,65.30140446061418,0
tecnologia,alto,34.720747202526894,41.91867253944,0
educacion,alto,67.09461116370635,45.8915290440628,1
tecnologia,alto,22.753010325342824,70.61524653926178,0
manufactura,medio,42.58293983048101,38.46187815521003,1
tecnologia,alto,40.72572802465606,48.5756751741372,1
manufactura,medio,48.705222953962306,44.90536432095391,0
educacion,alto,33.078198597857316,66.96856735190974,1
manufactura,bajo,53.33635706328411,32.52389179517432,1
salud,bajo,38.04890098905704,52.877345845335334,1
tecnologia,alto,52.29702785278365,43.62751688114195,0
manufactura,medio,66.92346319035505,59.61964753228253,0
salud,medio,47.89313888611906,29.163248637619347,0
educacion,medio,32.40249223054739,55.51237129517547,0
manufactura,bajo,31.10021224178989,82.47184330423158,1
manufactura,alto,53.34201534270175,66.89117852505728,1
salud,alto,60.18503264229061,73.26225258027421,0
manufactura,medio,52.828376205966315,62.40459878288979,1
salud,bajo,37.3074219273356,39.837717102596244,1
manufactura,medio,28.325128007576946,81.31345064249125,1
manufactura,bajo,67.19400109993121,51.75701318319908,0
manufactura,alto,56.40380297399744,37.16415616501139,0
salud,bajo,34.587160803662144,51.231793887144384,0
manufactura,alto,67.83658271019122,69.14223981138831,0
manufactura,medio,43.67406209946984,54.0645276122148,1
educacion,alto,60.543949787372235,68.15281764655703,1
tecnologia,bajo,32.714987570516804,35.170540154365874,1
salud,bajo,38.302026549299526,31.200096989105216,1
tecnologia,bajo,52.102698643032674,32.87264293676148,1
tecnologia,bajo,45.22168056733027,57.319726106678246,0
salud,bajo,40.90202867685579,66.6606550346364,0
salud,medio,66.58573297995933,76.63677020390125,0
educacion,medio,51.36356762155221,47.61606291454777,1
manufactura,medio,44.738637792583596,68.85031504950008,0
manufactura,alto,63.52159940490051,57.210828265103174,1
manufactura,medio,47.92732807899233,58.1867082616356,1
manufactura,alto,36.51589228389613,31.77905797941822,0
salud,medio,65.48892154064202,53.89107487393019,0
tecnologia,bajo,39.62131355514128,21.52693814882826,0
manufactura,medio,56.6355099857235,63.99919917324583,1
salud,alto,55.5614525189452,56.161350431432076,0
educacion,alto,84.17949389334757,31.863253344842907,0
manufactura,alto,66.55299516210569,66.08310562027646,0
educacion,alto,56.96496070784164,18.85436319318224,1
salud,medio,40.6542564752656,49.51869695722942,1
tecnologia,bajo,28.852885381681755,32.301425391100636,0
educacion,medio,37.22361404561817,62.28561914628094,1
salud,bajo,57.79977567520565,52.54042534796521,1
manufactura,medio,44.5768098639215,55.925987081270414,1
manufactura,medio,62.63044765468713,76.90008918618636,1
salud,alto,45.67396229851117,59.30536641122111,1
manufactura,medio,71.9417101798991,60.306418777383996,1
salud,medio,30.751374618880757,63.871287437359285,1
educacion,medio,74.65645052825536,35.70183293690938,1
salud,alto,42.80308180425642,54.091164168895155,1
educacion,bajo,40.778029407364784,46.030801434254045,0
tecnologia,medio,76.31034691058731,45.51044319446622,0
manufactura,alto,74.56395391940116,62.43153383375051,0
manufactura,alto,26.645425335193277,70.77271024402962,1
manufactura,bajo,37.81253007579522,71.1263047832416,1
salud,medio,54.70184326312459,41.01043937938044,0
educacion,medio,35.85856992026281,71.83185801775659,1
tecnologia,bajo,70.70249416406179,65.9771102921647,0
educacion,bajo,23.588136357027416,37.67774943918149,1
educacion,bajo,39.082476361684925,68.51809978724688,1
salud,bajo,42.797258377737066,69.1079206675677,0
manufactura,alto,51.05478973675486,67.5584770207231,1
manufactura,alto,63.866129798138545,82.22067531974292,1
educacion,medio,30.87047695114935,48.12836046984646,1
manufactura,alto,41.3264786257965,51.23514528189624,1
educacion,bajo,79.46835203506905,55.03013406225468,0
educacion,alto,55.23701854821176,32.37702622739128,0
manufactura,alto,55.52495378224685,57.856030720221,1
manufactura,alto,52.8723576801138,61.37739244603932,0
tecnologia,medio,56.11526963150004,63.27001636494563,1
salud,bajo,71.84186753193956,61.1907998593756,0
tecnologia,bajo,39.27999547018143,42.52044691585174,1
educacion,alto,45.70481452416599,38.488043128352274,1
tecnologia,alto,44.585204688382255,52.25006796525947,0
manufactura,bajo,55.2887574081197,28.890464364559705,0
manufactura,medio,60.34889704382793,48.75544346271739,1
educacion,alto,36.797825256585995,55.54778184443983,0
salud,alto,71.38394563113812,37.70842054015645,1
tecnologia,alto,37.98464821668993,54.988738016300104,1
manufactura,bajo,52.25976010168004,62.22630688501958,1
salud,bajo,31.874271896723748,60.24325126612902,0
manufactura,bajo,55.28478966409526,80.27617791890347,0
salud,alto,27.598474754965153,34.6819158735036,0
tecnologia,alto,43.18524393127327,68.96065878634178,1
salud,alto,53.49715415116734,39.46011066238283,0
salud,bajo,61.12747764536489,13.034692503858402,0
manufactura,alto,57.33366386361941,51.56189968358651,0
educacion,bajo,39.109070387726995,15.705550232571674,0
manufactura,bajo,34.192298436540234,37.670266447354265,0
manufactura,bajo,13.691200067460997,17.033581065455508,0
tecnologia,bajo,60.77459880851448,67.30219144142887,0
tecnologia,alto,58.90714840111111,78.29994832733219,0
manufactura,alto,54.08877458648969,61.36987162393248,0
tecnologia,medio,48.75756743743208,33.787591482080884,1
educacion,alto,60.38809540817708,47.59130719312197,0
salud,medio,36.814245060458404,47.26450532897545,1
manufactura,medio,46.67306380454636,36.45760910529846,1
educacion,medio,51.24844288613719,21.414878069398036,1
salud,medio,69.40853232652847,54.243765150629805,1
educacion,alto,39.079164980568976,44.138092819977125,0
tecnologia,bajo,64.48350569274407,45.792802574062,0
educacion,alto,68.75380799419482,36.71600876426273,1
educacion,bajo,32.517400525751704,19.591939731617252,1
manufactura,alto,43.719645554078426,31.40790254673278,1
manufactura,bajo,62.56935701867753,86.76097595573063,0
salud,alto,61.51061816685719,32.264066860200806,0
manufactura,medio,74.21187354693771,41.9154497687631,1
educacion,alto,52.03077637692544,42.2394895381654,1
educacion,bajo,64.55648885939618,62.11511125833699,1
educacion,alto,47.79602117064042,49.144821196700924,0
tecnologia,medio,65.20872509186357,29.427376186604963,1
manufactura,bajo,51.15807386255866,56.74074465192755,0
salud,alto,78.5862884390362,87.63764664464483,1
salud,bajo,42.644343089297934,68.26110179876642,0
salud,alto,66.13159148732488,42.837075530678796,0
salud,bajo,59.63817160342845,49.17840716421254,1
manufactura,bajo,66.35068068797597,53.40563057471414,0
manufactura,medio,53.03240938305756,62.21547598416898,0
salud,medio,54.86396478147282,80.53594484051736,1
manufactura,alto,48.18810555630692,57.14198801919389,0
salud,medio,49.89902815133542,57.000478149368256,1
salud,medio,35.53774028498407,41.70094099224392,0
salud,alto,26.893847851916043,40.739411366544715,1
tecnologia,medio,55.01088553809154,38.53122637837507,0
manufactura,bajo,17.23831976718086,53.28378881766847,1
educacion,alto,16.742066298070917,57.025798103058655,0
educacion,alto,19.83667950523693,67.61915102089493,0
tecnologia,bajo,71.5546792623195,46.14107850127686,1
tecnologia,alto,44.93639830450889,63.227356961216216,0
salud,medio,45.30353975775185,63.31444783913787,0
salud,medio,48.88570026963602,47.09388039850931,0
educacion,medio,74.96019523708873,45.98201537715157,0
educacion,bajo,42.03439379830471,41.859341705562734,0
educacion,bajo,74.34082215339316,60.41518315073948,0
salud,medio,59.28199278983675,41.71790468731439,1
salud,bajo,73.79639231549213,60.36512772589301,1
manufactura,alto,52.90854686952756,31.335708472505498,1
salud,bajo,33.696552549291305,72.20148460715934,1
salud,alto,63.8244462041496,48.77505020507757,0
manufactura,bajo,28.795651050980844,30.607790223126326,1
tecnologia,medio,61.24900770828523,18.574856539506804,1
manufactura,alto,80.68941006838939,38.41775591126116,1
salud,medio,27.90470316810012,42.42233336033591,0
educacion,medio,39.56528433542377,30.12334137498111,1
salud,medio,48.37685537967441,43.57156575205414,0
salud,medio,36.0086280405706,29.52590292164204,0
educacion,bajo,74.31999930345934,56.57279473466722,1
tecnologia,medio,34.98420251929377,50.44111214753876,1
tecnologia,medio,67.90529001393247,60.75224711022754,1
salud,bajo,52.808879507293966,54.32686900189274,1
educacion,bajo,54.63061635173995,44.906268632461334,0
salud,bajo,43.04358998197368,59.21206551918284,1
salud,bajo,39.32310816717567,52.839932932679666,1
tecnologia,alto,39.68360783860267,56.35808959585589,0
salud,alto,39.541900579628575,48.46696627615702,1
salud,medio,47.851216541058704,57.42492881772766,0
educacion,medio,17.715313314875864,50.87731660164814,1
tecnologia,bajo,43.06943666844087,43.65176214935633,1
tecnologia,medio,60.563391589396204,62.38075513932133,0
salud,alto,63.94762284597526,69.02875030458661,0
manufactura,alto,66.96845688712777,42.366236447073796,0
tecnologia,bajo,71.53935271438439,47.330262810011355,0
tecnologia,bajo,70.6037555366471,56.01734451801326,1
tecnologia,alto,41.55259997359718,64.02845476824307,1
salud,medio,60.826443026128,41.198115537890274,1
salud,bajo,35.42787734810982,18.69447617474742,0
manufactura,alto,65.07730241977123,79.23254695149654,1
educacion,medio,39.61380886199438,53.9796364495574,1
educacion,bajo,64.6344079053108,49.85322143355584,1
tecnologia,medio,54.17275884700068,47.96460617645361,1
tecnologia,medio,51.404695223636104,68.93515298518977,0
manufactura,bajo,37.25942016576828,40.28006778705876,0
manufactura,bajo,53.035800439678304,70.1061814316819,1
tecnologia,bajo,61.197369199456375,64.64758654273179,1
educacion,alto,21.435496686707914,35.2541548385459,1
educacion,bajo,59.90549266997749,36.208199115421316,0
salud,bajo,42.32983441540828,34.94808496251156,0
educacion,bajo,60.01097479974179,37.26756344256899,0
tecnologia,bajo,61.34129331378382,26.40249156090997,0
educacion,bajo,26.570090616669784,55.00424644993618,1
tecnologia,bajo,29.05488077981596,48.80584992509441,0
salud,bajo,23.55865157961027,58.716529391412514,1
salud,alto,65.85397216710321,39.676419545288645,1
educacion,bajo,51.385505989771296,53.19918849507485,0
educacion,alto,58.57760294357314,38.153046742492094,1
tecnologia,alto,56.44600809435614,40.31844137161238,0
educacion,alto,52.5248111147129,55.95860552154961,1
tecnologia,bajo,68.22779273134682,75.84324701192926,0
educacion,bajo,46.5086487639537,59.51883516691433,1
manufactura,medio,50.3180248730797,76.42921974622345,1
manufactura,medio,61.24122897838486,67.8683295141068,1
salud,medio,53.26311412332968,38.769834668115195,1
educacion,alto,40.121039730261735,49.79898406114557,0
salud,bajo,34.03560004772311,35.26512306489648,0
tecnologia,bajo,57.41442105221415,54.09089467361507,0
educacion,medio,45.50730185820908,65.6392253235007,1
salud,bajo,41.622577816760916,54.0062352706761,0
manufactura,bajo,61.33339233466832,52.87192059299423,1
educacion,bajo,51.95693307432291,43.46511539632781,0
salud,bajo,28.24733351940454,49.46123936123579,0
salud,medio,49.265772201203674,52.92397116375072,0
tecnologia,medio,45.711187135534225,64.55522089563662,0
tecnologia,bajo,32.16697750077206,82.80582648619598,1
salud,medio,58.57732214888322,55.75499339317163,1
educacion,alto,46.44964898688715,37.814257224710644,1
educacion,medio,46.69026541721078,42.540092382879884,0
manufactura,alto,48.00212242048392,83.03781088234075,1
educacion,medio,49.80988503575023,46.364650030708674,0
manufactura,bajo,64.0906704270636,76.63115408386604,1
tecnologia,medio,26.37169908009537,29.233056802261757,0
educacion,bajo,50.13942367776935,66.74933965218065,0
salud,medio,53.190905892055156,54.10590413596295,0
educacion,medio,59.9408685814561,70.5087886585562,0
educacion,medio,21.48640578070748,51.53141074064255,0
manufactura,medio,63.45659723122,59.947536155511344,1
tecnologia,medio,48.413449252144545,50.396771711437076,1
manufactura,medio,57.068735877862494,61.44294230481634,0
educacion,bajo,39.63252040895226,42.11149758930181,1
tecnologia,bajo,56.815163293196356,55.64213453271193,0
salud,alto,49.636377495566386,71.67550304951146,0
manufactura,alto,67.22074803816164,66.3272469316931,0
salud,medio,51.234995963263614,34.92975963359686,0
educacion,bajo,55.87888982546844,55.140095593124414,0
educacion,medio,55.53635014678117,54.26139998575803,0
educacion,bajo,45.6009344896702,48.517041100527514,0
educacion,medio,52.05708761342471,55.91810811988076,1
manufactura,alto,45.00552501414679,69.5349407873853,1
salud,bajo,61.807645172913844,70.72446566721005,1
educacion,bajo,49.830059669618,55.06896779242574,0
manufactura,medio,52.22161611609587,46.305662582044924,1
manufactura,medio,58.94991306165896,23.451164869670666,1
tecnologia,medio,63.67937485850297,58.35559750027812,1
tecnologia,bajo,56.826237808114335,48.37708812001928,0
manufactura,medio,49.931181525318436,49.53069579129896,1
salud,bajo,49.63531995776451,38.105723022338125,0
educacion,bajo,76.6586803808809,64.12316332197845,1
salud,medio,33.11031569660962,40.49548134557918,1
educacion,alto,28.12398914828345,44.24891513352298,0
salud,medio,47.99335495106275,57.32654551918957,1
educacion,medio,61.0868276118819,49.61627559579853,0
manufactura,medio,46.072963429699115,48.4302749208714,0
salud,medio,50.167088358669524,46.597958459393055,0
educacion,medio,32.706589962070396,45.00148929021799,0
salud,medio,46.52711601878626,62.7990268329137,0
educacion,alto,56.45095193726545,34.14679700309299,1
manufactura,bajo,-3.9794497563918725,36.84399842591834,1
manufactura,bajo,71.91101587493422,58.8364466828439,0
educacion,medio,49.33763699966917,53.50593211190495,1
salud,alto,50.28899603937811,46.47333342080216,0
tecnologia,alto,49.39820660017948,53.93673335199691,0
salud,bajo,19.898179257577432,39.67911531515327,1
tecnologia,alto,59.92200910644373,53.432042156809544,0
tecnologia,medio,57.599591424452846,57.36293411273771,0
tecnologia,bajo,68.0196400034054,64.19730585242644,1
salud,bajo,76.32441539725271,57.90899972749372,0
educacion,medio,55.84109095665753,33.363936541393976,1
salud,alto,77.25749042552738,23.6546665667803,1
educacion,alto,90.7155727996126,71.85479084894014,0
tecnologia,alto,61.945084096652266,30.809121039521756,1
tecnologia,alto,36.41653948024281,54.613950599585124,1
tecnologia,bajo,21.32640039328654,23.31874509111339,0
manufactura,alto,64.31444432006799,60.92703770383569,1
manufactura,medio,52.41996678717895,84.15175946268334,0
salud,medio,44.92615937969607,33.17850969629448,0
tecnologia,medio,60.97989536323856,64.64218782150601,1
educacion,alto,39.79246290053156,73.70446328026351,0
tecnologia,bajo,40.83911079781952,74.58240400755444,0
educacion,bajo,47.0072193414767,31.864526703599328,1
educacion,bajo,42.351552530580676,53.80948924665505,0
manufactura,alto,69.56427562900808,51.23200590037547,1
educacion,bajo,53.73582485513048,50.61124662026979,0
salud,bajo,16.750592724222557,56.66944031483562,1
tecnologia,bajo,42.23090608370701,53.40636842229347,0
manufactura,medio,63.02589754851434,66.6441939410208,0
educacion,bajo,20.612473239422947,54.29637615557144,1
tecnologia,alto,56.86905188615778,57.4846613024404,0
educacion,alto,48.90743921907044,92.31785649146458,0
salud,alto,37.60997175497863,55.8176714738945,0
educacion,medio,54.443210221060895,72.10474094584598,1
salud,alto,66.14856707711596,48.77288450008734,1
educacion,medio,28.174439355530332,31.49698118873459,1
salud,alto,21.62703182699608,39.03056275709889,1
salud,alto,57.1576653864323,31.680974881712746,0
educacion,medio,65.57939401980167,70.85267942516728,1
salud,medio,37.607179843373004,22.297927561358502,1
salud,bajo,50.89831151589306,62.131434684868665,1
salud,medio,40.81173992179863,44.78581733637187,1
educacion,medio,83.66427928644858,25.83299906226712,1
tecnologia,medio,32.80666053504979,43.3705820399954,0
salud,medio,35.912119526943606,41.80128167962036,1
manufactura,bajo,50.84465396776154,52.06217604085795,0
educacion,medio,51.74652412332307,22.006648807448965,0
salud,bajo,38.08132588665508,54.1245788687472,1
salud,bajo,30.93073482939414,57.660025370001335,1
manufactura,alto,41.67006982293447,49.99058210210078,0
tecnologia,medio,49.472759415315174,39.473501623044,0
salud,medio,36.10985119796972,65.13229215505508,0
manufactura,alto,28.234132317423136,55.5489241526754,0
tecnologia,medio,45.55330353627839,73.15949286084674,0
manufactura,medio,51.14375701364654,53.81736519904962,1
tecnologia,alto,48.28436554206485,42.021093622067575,1
salud,bajo,52.75640718399439,45.441017008618104,1
tecnologia,bajo,74.62927339829267,45.06646346290539,1
salud,medio,38.15549590087413,85.49771871375364,0
manufactura,bajo,46.01521216177055,56.105486842728034,0
salud,alto,48.14437912488342,28.705690605619925,1
manufactura,medio,52.83139942989288,58.95801233846846,0
manufactura,alto,58.26967515664148,52.9481048868217,0
manufactura,bajo,58.63911755705765,48.89595560365534,0
tecnologia,medio,19.198337992640504,72.76072075599532,0
salud,alto,37.67155753521788,46.74493719112085,1
manufactura,alto,48.09887584492036,70.50117119381962,1
salud,alto,58.13717742504393,51.202972453963596,1
tecnologia,medio,47.7546094974618,63.98248492883605,1
salud,medio,72.33126433044423,42.76494705848063,0
salud,medio,51.629339756428834,61.83118686295663,0
salud,medio,46.82150743156427,55.59004633531153,0
tecnologia,alto,66.27246595001301,82.40196334714886,1
manufactura,alto,33.13608029427549,56.69854871877278,0
manufactura,alto,63.294106588813264,45.893741610974786,0
educacion,bajo,57.600321465932396,30.887168151381807,1
manufactura,bajo,42.76772921125323,40.077825816906326,0
manufactura,alto,13.563942616066868,51.94919855048579,1
manufactura,bajo,56.93934854465009,45.0506122728028,1
educacion,bajo,34.121978022517936,53.65970350910509,1
salud,alto,68.06148832564178,18.349533438964414,1
manufactura,bajo,60.9752493925201,30.776496675437027,1
educacion,medio,44.31314623119414,29.966142402849748,1
manufactura,medio,56.12243551848353,45.404865988418194,0
salud,medio,59.51128352491986,56.880916446971085,1
salud,alto,37.106692576802644,47.356598476471255,0
salud,alto,29.829957193646813,51.60420760350889,1
manufactura,alto,62.84430552091477,62.031473945028395,1
salud,alto,29.717051831810462,46.54515804199681,1
educacion,alto,45.44218075944491,34.31191106941847,1
educacion,alto,36.51466846308569,67.85989263678107,0
salud,bajo,17.35222315104972,83.3017232167271,1
manufactura,bajo,35.24273241213569,54.30690528171499,0
salud,bajo,38.34199897767723,62.75864858886664,0
educacion,bajo,68.91816790565937,41.98607525935987,0
salud,alto,55.06921040801256,60.55741131342053,1
salud,bajo,59.54853577999216,64.2735542778826,0
educacion,alto,60.55884923808709,34.63404426453762,0
tecnologia,medio,36.51503261979972,48.31228494175561,0
educacion,medio,37.33948761142167,61.740260634074005,0
educacion,medio,58.475740115642914,67.38334261660124,0
tecnologia,bajo,55.173370448365816,50.34985213470298,0
educacion,alto,64.48674461201657,35.74549406617416,0
educacion,alto,33.77626777205437,31.27821553945568,0
tecnologia,bajo,38.722716723957106,60.492067599687616,1
educacion,bajo,65.78100638876853,18.63390054617327,0
tecnologia,medio,71.4865065827492,41.231968566221,0
manufactura,medio,75.86406312418123,57.95795385576379,1
salud,bajo,65.85982294919101,68.41509137855378,0
tecnologia,bajo,61.54270016731143,48.97894511129176,1
salud,bajo,48.08768042852404,37.82952061522312,1
salud,medio,82.66428707654,45.734216749710285,1
salud,alto,39.71697453934659,18.364347573908688,0
educacion,bajo,45.26213397608558,39.639632413218884,1
educacion,alto,43.346444128806915,24.302394424565968,0
manufactura,alto,43.24628839479115,65.74682083173995,0
manufactura,bajo,35.055582116995936,84.30736815398441,1
tecnologia,bajo,72.25439798271668,56.41018792107613,1
salud,bajo,38.03112202742552,35.37607960077312,1
salud,alto,66.19703677972524,83.35119745020731,1
manufactura,alto,49.16363082526603,39.29853336579523,0
salud,alto,55.56184512766379,38.07070969980376,1
manufactura,alto,50.092588426484504,51.01910541084226,1
educacion,medio,61.73025105150306,53.31045942829804,1
tecnologia,medio,10.678919348700937,44.782371748277,0
educacion,medio,50.33293847944726,34.35425019826008,1
salud,medio,60.03761660340728,46.85759047015611,1
educacion,alto,64.20915720212881,38.84449305299803,0
tecnologia,alto,18.988983342637336,64.89392093260331,1
salud,medio,60.0075544232992,58.75294834674076,1
salud,medio,48.9931411025916,35.023435553388964,0
manufactura,medio,58.42932503981698,53.082111538883225,1
tecnologia,medio,72.45187447330744,47.41086111079992,0
salud,alto,69.76963229501352,89.7468401672038,1
manufactura,bajo,59.20844110103468,60.46755092656092,1
educacion,alto,58.78993675073799,32.62808984196366,1
tecnologia,bajo,58.84908290501678,42.86797443960961,1
educacion,alto,29.9632534862838,44.63554661251714,1
educacion,alto,36.5362916409087,42.51768826770275,0
salud,medio,53.63940019614598,62.6786108928233,1
manufactura,medio,37.577623092191374,31.36918495717477,1
tecnologia,alto,54.42428237396564,56.92353541224297,0
educacion,bajo,46.529661409527264,63.060723798702895,1
educacion,medio,35.74589929064105,56.75742536844554,0
tecnologia,medio,65.08525283027568,56.122961276490706,1
educacion,bajo,63.661164649038746,35.64631429067927,1
manufactura,alto,69.67615073522862,61.944459929958626,0
educacion,alto,66.37203386684455,62.50693209536219,0
manufactura,alto,33.5673397791581,52.51950470337671,0
educacion,medio,74.15036515020655,69.90846629102356,1
tecnologia,bajo,59.86400670129325,58.38256074946434,1
salud,alto,53.553589639414604,68.3350990184959,0
educacion,alto,54.35229519460275,51.321343557189856,0
tecnologia,bajo,45.565842169373454,81.45807597261143,0
manufactura,bajo,40.78824901350142,36.39207193408531,1
manufactura,alto,65.31781786583817,57.01805928825511,1
manufactura,bajo,29.101875022760257,50.0586175476695,1
educacion,medio,33.26539705309972,39.03450816075123,1
tecnologia,bajo,40.24986079892799,47.06350877688348,0
manufactura,medio,45.41068127890974,35.5338483784011,1
educacion,alto,42.803230176186325,43.54287772312323,1
tecnologia,bajo,58.909438269361814,42.69839756103644,1
tecnologia,bajo,32.06630234446033,33.5874722354792,1
tecnologia,alto,61.50311467098921,34.47226202033177,0
salud,medio,62.197402501155935,44.969803697576324,0
salud,medio,52.24648724893988,34.16682285691491,1
educacion,alto,41.592096187324074,47.0396870169502,0
salud,medio,34.08230840358011,32.867317154104796,1
salud,medio,42.31122305671841,14.698948735658107,0
tecnologia,medio,25.55941970887429,34.37953506331956,0
educacion,bajo,41.059427895452146,44.16585594295874,1
tecnologia,medio,42.11890793211717,60.253023177519204,0
tecnologia,medio,66.15933458114186,48.999083776857425,1
manufactura,alto,39.3213645137014,44.137735349471605,0
manufactura,alto,56.49832651376172,53.96216342073942,1
tecnologia,bajo,37.970852841230666,57.58884319059207,0
salud,alto,78.88323978161554,38.2348942945466,0
educacion,bajo,39.31151809941331,29.545005755627034,0
salud,bajo,59.858238485464724,50.65260399663294,1
salud,medio,51.28945246708724,67.42654961183962,0
manufactura,bajo,18.207291431485796,38.04958065271226,1
manufactura,alto,64.94096957802061,53.57883731006429,1
salud,medio,31.823853957923383,51.38446775432917,0
manufactura,medio,55.31028527309374,55.994541948735986,1
educacion,alto,50.23659933890194,65.72872769059555,1
tecnologia,bajo,78.31284283174087,50.87972570536411,1
tecnologia,medio,34.20768269497509,49.89721942293912,0
salud,bajo,75.46234888866675,52.74260741948985,1
manufactura,bajo,18.945382548639376,45.11018340972789,1
manufactura,medio,41.925428308165664,35.54686164057862,0
manufactura,bajo,56.815928834835766,40.242329267844674,1
tecnologia,medio,74.00066428460491,68.56341380579843,0
educacion,alto,78.23412336055426,30.992588591831893,1
educacion,alto,42.97054045101105,20.56892225487967,1
manufactura,alto,40.34288334549278,52.54798519721475,0
manufactura,bajo,40.48906078514088,65.77751187294399,0
educacion,alto,36.530696065702706,69.67942208513401,1
manufactura,bajo,75.87684178580992,36.29938987322775,1
salud,bajo,76.55899458824278,36.46346002415252,1
manufactura,bajo,42.95976092357102,67.64379918366356,1
tecnologia,medio,71.23951189075545,64.10944976380271,0
tecnologia,medio,62.589823280041685,71.31355244735035,1
tecnologia,bajo,55.705150831100276,59.76533099358805,1
educacion,bajo,44.04071770355745,45.97749429398618,1
tecnologia,alto,47.72432033319748,38.76207711622103,1
salud,bajo,58.5640664484805,51.76529417484902,1
tecnologia,alto,67.56290492563635,41.774535681692676,1
salud,bajo,45.66941832769291,49.22465328837533,0
educacion,bajo,49.519623646736406,80.43490789963147,0
educacion,bajo,41.91445661679956,47.45053459655685,0
educacion,alto,47.9235650770456,54.173870141408365,1
educacion,bajo,28.124917631702345,59.97366614892231,0
salud,alto,52.29915484393508,30.49091304865759,1
educacion,medio,36.8380062650769,40.472177406193595,0
manufactura,bajo,39.66295097973392,44.31509949600836,0
educacion,alto,68.62971056427702,62.54370114756312,1
salud,medio,15.928679384351895,33.30872674911987,0
tecnologia,medio,41.94230033950973,48.59373205486965,1
tecnologia,medio,51.985250506451116,60.46354851581806,1
educacion,medio,50.26346983927654,46.036940246507584,0
manufactura,medio,34.167900150894965,25.86102356850989,0
manufactura,bajo,26.80010918177511,47.25684069527361,0
manufactura,medio,60.00667814232244,65.47480873032603,0
manufactura,alto,74.52449355095123,32.35082608746799,1
educacion,medio,62.94346732628477,36.61733206262173,1
manufactura,medio,64.10102153958938,67.26145964225692,1
educacion,medio,24.050090515874494,51.703189495703946,1
educacion,bajo,71.10464435123592,23.76487534201066,0
educacion,medio,40.83168614145848,68.18239701740828,1
educacion,alto,36.86999231445931,76.4998170967256,1
educacion,alto,91.2200537172915,54.64578704057077,0
manufactura,alto,66.60405783647431,50.75413278447105,0
tecnologia,medio,55.705904687763116,95.28093282500983,1
salud,medio,82.5318768068195,32.829279774934136,0
manufactura,alto,40.11529964527571,67.28488595129761,0
tecnologia,alto,56.84381896345653,68.60409475499236,1
manufactura,bajo,63.77644940455664,36.48850307219804,1
salud,medio,45.571432802763866,43.03703806454269,0
tecnologia,bajo,45.10955280953621,49.495559533420796,0
tecnologia,alto,53.69270753024141,38.23042006085399,1
salud,medio,60.493002972974566,50.68455430578856,1
manufactura,alto,51.654659863375635,65.94713145151965,1
educacion,bajo,62.76566731293269,72.96125165048039,1
educacion,bajo,58.48124532642984,72.30517856745368,0
salud,alto,46.53680731593178,31.884026041210447,1
educacion,bajo,74.38998568411434,82.90707761448529,1
manufactura,bajo,59.03420097551614,72.48712386546222,0
manufactura,medio,70.5296363040142,72.3776154661579,1
tecnologia,medio,59.27972720896652,54.26332733019758,1
salud,medio,52.59695820752203,44.725038563686766,1
manufactura,alto,54.566980487752815,68.345397687559,1
tecnologia,alto,81.08522552507047,68.35034589984329,0
manufactura,medio,58.30154343616954,56.85322636188537,1
